{"confusion_matrix": [[0, 1], [0, 5]], "classification_report": {"high": {"precision": 0.0, "recall": 0.0, "f1-score": 0.0, "support": 1.0}, "low": {"precision": 0.8333333333333334, "recall": 1.0, "f1-score": 0.9090909090909091, "support": 5.0}, "accuracy": 0.8333333333333334, "macro avg": {"precision": 0.4166666666666667, "recall": 0.5, "f1-score": 0.45454545454545453, "support": 6.0}, "weighted avg": {"precision": 0.6944444444444445, "recall": 0.8333333333333334, "f1-score": 0.7575757575757575, "support": 6.0}}}